{
  "$schema": "https://schema.management.azure.com/schemas/2019-04-01/deploymentTemplate.json#",
  "contentVersion": "1.0.0.0",
  "parameters": {
    "storageAccountName": {
      "type": "string"
    },
    "storageAccountType": {
      "type": "string"
    },
    "location": {
      "type": "string",
      "defaultValue": "[resourceGroup().location]",
      "metadata": {
        "description": "Location for all resources."
      }
    }
  },
  "variables": {
    "storageAccountName": "[concat(parameters('storageAccountName'), uniqueString(resourceGroup().name))]",
    "containerName": "installer",
    "containerPath": "default/installer",
    "blobName":"package.zip",
    "artifacts":  "[uri(deployment().properties.templateLink.uri, 'artifacts/package.zip')]"
  },
  "resources": [
    {
      "type": "Microsoft.Storage/storageAccounts",
      "apiVersion": "2021-08-01",
      "name": "[variables('storageAccountName')]",
      "location": "[parameters('location')]",
      "sku": {
        "name": "[parameters('storageAccountType')]"
      },
      "kind": "Storage",
      "properties": {
                "allowBlobPublicAccess": true
      },
            "resources": [
        {
          "name": "[variables('containerPath')]",
          "type": "blobServices/containers",
          "apiVersion": "2021-09-01",
          "dependsOn": [
            "[variables('storageAccountName')]"
          ]
        },
        {
          "type": "Microsoft.Resources/deploymentScripts",
          "apiVersion": "2020-10-01",
          "name": "UploadBlob",
          "location": "[parameters('location')]",
          "kind": "AzureCLI",
          "dependsOn": [
            "[variables('storageAccountName')]"

          ],
           "properties": {
            "azCliVersion": "2.32.0",
          "scriptContent": "[concat('az storage blob upload --account-key ',listKeys(resourceId('Microsoft.Storage/storageAccounts', variables('storageAccountName')), '2021-09-01').keys[0].value,' --account-name ',variables('storageAccountName'),' --name ',variables('blobName'),' --container-name ',variables('containerName'),' -f ./',variables('artifacts'))]",                  
          "supportingScriptUris":[
                  "[variables('artifacts')]"
            ],
          "timeout": "PT1H",
          "cleanupPreference": "OnSuccess",
          "retentionInterval": "PT4H"
        }
        }
      ]

    }
  ]
}
