{
    "$schema": "https://schema.management.azure.com/schemas/0.1.2-preview/CreateUIDefinition.MultiVm.json#",
    "handler": "Microsoft.Azure.CreateUIDef",
    "version": "0.1.2-preview",
    "parameters": {
        "basics": [],
        "steps": [
            {
                "name": "storageConfigBlade",
                "label": "Storage account settings",
                "bladeTitle": "Storage account settings",
                "elements": [
                    {
                        "name": "storageAccount",
                        "type": "Microsoft.Storage.MultiStorageAccountCombo",
                        "label": {
                            "prefix": "Storage account prefix",
                            "type": "Storage account type"
                        },
                        "toolTip": {
                            "prefix": "The prefix of the storage account",
                            "type": "The type of storage account"
                        },
                        "defaultValue": {
                            "type": "Standard_LRS"
                        },
                        "constraints": {
                            "allowedTypes": [
                                "Premium_LRS",
                                "Standard_LRS",
                                "Standard_GRS"
                            ]
                        },
                        "count": 2
                    }
                ]
            }

        ],
        "outputs": {
            "location": "[location()]",
            "storageAccountName": "[steps('storageConfigBlade').storageAccount.prefix]",
            "storageAccountType": "[steps('storageConfigBlade').storageAccount.type]"

        }
    }
}